id,name,faction,desc,script,icon,order
exerelin_prismMarket,Продавец высококлассного оборудования,independent,"Собирает редкие, продвинутые военные корабли и оружие со всего Сектора для тех, кто готов платить премию и не задает слишком много вопросов. Привилегированные клиенты получают лучшие цены.",exerelin.campaign.submarkets.PrismMarket,graphics/SCY/factions/SCY_prismStorage.png,200
,,,,,,
# vanilla override,,,,,,
open_market,"Открытый
рынок",,"Открытый рынок. Здесь можно торговать только законными товарами, и транзакции облагаются тарифами. Больше товаров доступно при высокой стабильности.

Продажа достаточного количества товара временно устранит дефицит.",exerelin.campaign.submarkets.Nex_OpenMarketPlugin,,0
black_market,"Чёрный
рынок",pirates,"Чёрный рынок. Здесь можно купить или продать что угодно и всё, и нет никаких тарифов. Больше товаров доступно при низкой стабильности.

Продажа товара не устранит дефицит.

Транзакции на чёрном рынке могут привлечь внимание властей, что приведёт к сканированию груза и снижению репутации фракции, если только сделки не совершаются с выключенным транспондером.

Участие в легальной торговле в качестве «прикрытия» также снижает вероятность привлечения внимания властей.",exerelin.campaign.submarkets.Nex_BlackMarketPlugin,graphics/factions/black_market.png,999
storage,Хранилище,player,Место для хранения кораблей и грузов.,exerelin.campaign.submarkets.Nex_StoragePlugin,graphics/factions/storage.png,1000
generic_military,,,"Торговля с военной базой $theFaction.

Оружие и другое военное оборудование можно покупать и продавать здесь, даже если они нелегальны на открытом рынке. Комиссия и более высокий статус у $theFaction приводят к тому, что становится доступно оборудование более высокого класса.

Купит товары, нелегальные на местном уровне, в рамках программы выкупа без вопросов.

Продажа достаточного количества товара временно устранит дефицит.",exerelin.campaign.submarkets.Nex_MilitarySubmarketPlugin,,100
local_resources,"Запасы
ресурсов",,,exerelin.campaign.submarkets.Nex_LocalResourcesSubmarketPlugin,,200
